name,price,url
Люстра 673 - Lightstar - 751184,48 000,/catalog/lyustry-potolochnye/lyustra-673.html
Люстра 20562 - Ideal Lux - 012872,19 800,/catalog/lyustry-podvesnye/lyustra-20562.html
Люстра 20561 - Ideal Lux - 012865,15 940,/catalog/lyustry-podvesnye/lyustra-20561.html
Люстра 20867 - Ideal Lux - 088068,19 900,/catalog/lyustry-podvesnye/lyustra-20867.html
Люстра 244892 - Lightstar - 744157,24 000,/catalog/lyustry-podvesnye/lyustra-244892.html
Люстра 244899 - Lightstar - 725263,25 000,/catalog/lyustry-na-shtange/lyustra-244899.html
Люстра 193515 - Lightstar - 727233,15 000,/catalog/lyustry-podvesnye/lyustra-193515.html
Люстра 190942 - Lumion - 4564/5C,3 000,/catalog/lyustry-potolochnye/lyustra-190942.html
Люстра 264242 - Odeon Light  - 4995/40L,10 430,/catalog/svetodiodnye-lyustry/lyustra-264242.html
Люстра 264235 - Odeon Light  - 4993/45L,20 780,/catalog/svetodiodnye-lyustry/lyustra-264235.html
Люстра 26240 - Odeon Light  - 4994/75L,21 500,/catalog/svetodiodnye-lyustry/lyustra-26240.html
Люстра 243217 - Lightstar - 723125,34 000,/catalog/lyustry-podvesnye/lyustra-243217.html
Люстра 243232 - Lightstar - 815410,48 000,/catalog/lyustry-podvesnye/lyustra-243232.html
Люстра 244898 - Lightstar - 725163,25 000,/catalog/lyustry-na-shtange/lyustra-244898.html
Люстра 243233 - Lightstar - 815417,48 000,/catalog/lyustry-podvesnye/lyustra-243233.html
Люстра 190648 - Novotech - 358588,8 000,/catalog/svetodiodnye-lyustry/lyustra-190648.html
Люстра 686 - Lightstar - 755084,15 000,/catalog/lyustry-podvesnye/lyustra-686.html
Люстра 243224 - Lightstar - 815263,25 000,/catalog/lyustry-podvesnye/lyustra-243224.html
Люстра 243216 - Lightstar - 723085,29 000,/catalog/lyustry-podvesnye/lyustra-243216.html
Люстра 244891 - Lightstar - 744077,29 000,/catalog/lyustry-podvesnye/lyustra-244891.html
Люстра 280292 - Favourite - 4094-5P,10 000,/catalog/lyustry-podvesnye/lyustra-280292.html
Люстра 280303 - Favourite - 4095-5P,10 000,/catalog/lyustry-podvesnye/lyustra-280303.html
Люстра 243230 - Lightstar - 815390,38 000,/catalog/lyustry-podvesnye/lyustra-243230.html
Люстра 249090 - Lumion - 5271/4,5 000,/catalog/lyustry-podvesnye/lyustra-249090.html
Люстра 324173 - Moderli - V1752-PL,19 090,/catalog/svetodiodnye-lyustry/lyustra-324173.html
Люстра 324315 - Moderli - V8010-10P,25 790,/catalog/lyustry-podvesnye/lyustra-324315.html
Люстра 222845 - Lightstar - 817122,29 000,/catalog/lyustry-na-shtange/lyustra-222845.html
Люстра 46171 - Favourite - 1921-6P,16 200,/catalog/lyustry-podvesnye/lyustra-46171.html
Люстра 46158 - Favourite - 1922-8P,21 600,/catalog/lyustry-podvesnye/lyustra-46158-.html
Люстра 106778 - Lightstar - 742103,32 000,/catalog/lyustry-podvesnye/lyustra-106778.html
Люстра 243231 - Lightstar - 815397,38 000,/catalog/lyustry-podvesnye/lyustra-243231.html
Люстра 222846 - Lightstar - 817162,38 000,/catalog/lyustry-na-shtange/lyustra-222846.html
Люстра 312958 - F-Promo - 4187-1C,6 600,/catalog/svetodiodnye-lyustry/lyustra-312958.html
Люстра 312955 - F-Promo - 4186-2C,9 600,/catalog/svetodiodnye-lyustry/lyustra-312955.html
Люстра 270561 - F-Promo - 3087-10P,11 500,/catalog/lyustry-na-shtange/lyustra-270561.html
Люстра 16281 - Ideal Lux - 032351,11 680,/catalog/lyustry-podvesnye/lyustra-16281.html
Люстра 243215 - Lightstar - 723065,23 000,/catalog/lyustry-podvesnye/lyustra-243215.html
Люстра 150368 - Favourite - 2619-12P,26 200,/catalog/lyustry-podvesnye/lyustra-150368.html
Люстра 324362 - Moderli - V10261-4P,41 090,/catalog/lyustry-podvesnye/lyustra-324362.html
Люстра 150367 - Favourite - 2619-37P,93 400,/catalog/lyustry-podvesnye/lyustra-150367.html
